{
  "stats":[
    {
      "day": "9",
      "model":[{
        "modelName":"PA",
        "modelColors": [
          {
            "productRef":"PAN.M",
            "qte":3,
            "colorName": "Noir",
            "sizes": [
              { "sizeName": "S", "qte": 1 },
              { "sizeName": "M", "qte": 1 },
              { "sizeName": "L", "qte": 1 },
              { "sizeName": "XL", "qte": 1 },
              { "sizeName": "2XL", "qte":2 },
              { "sizeName": "3XL", "qte": 3 },
              { "sizeName": "4XL", "qte": 4 }
            ]
          },
          {
            "colorName": "Vert",
            "sizes": [
              { "sizeName": "S", "qte": 5 },
              { "sizeName": "M", "qte": 2 },
              { "sizeName": "L", "qte": 4 },
              { "sizeName": "XL", "qte": 2 },
              { "sizeName": "2XL", "qte": 1 },
              { "sizeName": "3XL", "qte": 9 },
              { "sizeName": "3XL", "qte": 0 }
            ]
          },
          {
            "colorName": "Beige",
            "sizes": [
              { "sizeName": "S", "qte": 1 },
              { "sizeName": "M", "qte": 0 },
              { "sizeName": "L", "qte": 1 },
              { "sizeName": "XL", "qte": 2 },
              { "sizeName": "2XL", "qte": 1 },
              { "sizeName": "3XL", "qte": 0 },
              { "sizeName": "4XL", "qte": 2 }
            ]
          },
          {
            "colorName": "Gris",
            "sizes": [
              { "sizeName": "S", "qte": 1 },
              { "sizeName": "M", "qte": 0 },
              { "sizeName": "L", "qte": 2 },
              { "sizeName": "XL", "qte": 4 },
              { "sizeName": "2XL", "qte": 0 },
              { "sizeName": "3XL", "qte": 0 },
              { "sizeName": "4XL", "qte": 0 }
            ]
          },
          {
            "colorName": "Bleu",
            "sizes": [
              { "sizeName": "S", "qte": 0 },
              { "sizeName": "M", "qte": 2 },
              { "sizeName": "L", "qte": 3 },
              { "sizeName": "XL", "qte": 0 },
              { "sizeName": "2XL", "qte": 1 },
              { "sizeName": "3XL", "qte": 2 },
              { "sizeName": "4XL", "qte": 1 }
            ]
          }
        ]
      },
      {
        "modelName":"PB",
        "modelColors": [
          {
            "colorName": "Noir",
            "sizes": [
              { "sizeName": "S", "qte": 5 },
              { "sizeName": "M", "qte": 6 },
              { "sizeName": "L", "qte": 7 },
              { "sizeName": "XL", "qte": 8 },
              { "sizeName": "2XL", "qte":9 },
              { "sizeName": "3XL", "qte": 10 },
              { "sizeName": "4XL", "qte": 4 }
            ]
          },
          {
            "colorName": "Vert",
            "sizes": [
              { "sizeName": "S", "qte": 5 },
              { "sizeName": "M", "qte": 2 },
              { "sizeName": "L", "qte": 4 },
              { "sizeName": "XL", "qte": 2 },
              { "sizeName": "2XL", "qte": 1 },
              { "sizeName": "3XL", "qte": 9 },
              { "sizeName": "3XL", "qte": 0 }
            ]
          },
          {
            "colorName": "Beige",
            "sizes": [
              { "sizeName": "S", "qte": 1 },
              { "sizeName": "M", "qte": 0 },
              { "sizeName": "L", "qte": 1 },
              { "sizeName": "XL", "qte": 2 },
              { "sizeName": "2XL", "qte": 1 },
              { "sizeName": "3XL", "qte": 0 },
              { "sizeName": "4XL", "qte": 2 }
            ]
          },
          {
            "colorName": "Gris",
            "sizes": [
              { "sizeName": "S", "qte": 1 },
              { "sizeName": "M", "qte": 0 },
              { "sizeName": "L", "qte": 2 },
              { "sizeName": "XL", "qte": 4 },
              { "sizeName": "2XL", "qte": 0 },
              { "sizeName": "3XL", "qte": 0 },
              { "sizeName": "4XL", "qte": 0 }
            ]
          },
          {
            "colorName": "Bleu",
            "sizes": [
              { "sizeName": "S", "qte": 0 },
              { "sizeName": "M", "qte": 2 },
              { "sizeName": "L", "qte": 3 },
              { "sizeName": "XL", "qte": 0 },
              { "sizeName": "2XL", "qte": 1 },
              { "sizeName": "3XL", "qte": 2 },
              { "sizeName": "4XL", "qte": 1 }
            ]
          }
        ]
      }]
    },
    {
      "day": "10",
      "model":[{
        "modelName":"PA",
        "modelColors": [
        {
          "colorName": "Noir",
          "sizes": [
            { "sizeName": "S", "qte": 1 },
            { "sizeName": "M", "qte": 1 },
            { "sizeName": "L", "qte": 1 },
            { "sizeName": "XL", "qte": 0 },
            { "sizeName": "2XL", "qte":2 },
            { "sizeName": "3XL", "qte": 0 },
            { "sizeName": "4XL", "qte": 3 }
          ]
        },
        {
          "colorName": "Vert",
          "sizes": [
            { "sizeName": "S", "qte": 2 },
            { "sizeName": "M", "qte": 1 },
            { "sizeName": "L", "qte": 1 },
            { "sizeName": "XL", "qte": 0 },
            { "sizeName": "XXL", "qte": 0 },
            { "sizeName": "XXXL", "qte": 1 },
            { "sizeName": "XXXXL", "qte": 3 }
          ]
        },
        {
          "colorName": "Beige",
          "sizes": [
            { "sizeName": "S", "qte": 1 },
            { "sizeName": "M", "qte": 0 },
            { "sizeName": "L", "qte": 4 },
            { "sizeName": "XL", "qte": 2 },
            { "sizeName": "XXL", "qte": 0 },
            { "sizeName": "XXXL", "qte": 1 },
            { "sizeName": "XXXXL", "qte": 2 }
          ]
        },
        {
          "colorName": "Gris",
          "sizes": [
            { "sizeName": "S", "qte": 1 },
            { "sizeName": "M", "qte": 1 },
            { "sizeName": "L", "qte": 2 },
            { "sizeName": "XL", "qte": 0 },
            { "sizeName": "XXL", "qte": 0 },
            { "sizeName": "XXXL", "qte": 2 },
            { "sizeName": "XXXXL", "qte": 8 }
          ]
        },
        {
          "colorName": "Bleu",
          "sizes": [
            { "sizeName": "S", "qte": 1 },
            { "sizeName": "M", "qte": 1 },
            { "sizeName": "L", "qte": 0 },
            { "sizeName": "XL", "qte": 0 },
            { "sizeName": "XXL", "qte": 0 },
            { "sizeName": "XXXL", "qte": 3 },
            { "sizeName": "XXXXL", "qte": 0 }
          ]
        }
        ]
      }]
    },

    {
      "day": "11",
      "model":[{
        "modelName":"PA",
        "modelColors": [
          {
            "productRef":"PAN.M",
            "qte":3,
            "colorName": "Noir",
            "sizes": [
              { "sizeName": "S", "qte": 1 },
              { "sizeName": "M", "qte": 1 },
              { "sizeName": "L", "qte": 1 },
              { "sizeName": "XL", "qte": 1 },
              { "sizeName": "2XL", "qte":2 },
              { "sizeName": "3XL", "qte": 3 },
              { "sizeName": "4XL", "qte": 4 }
            ]
          },
          {
            "colorName": "Vert",
            "sizes": [
              { "sizeName": "S", "qte": 5 },
              { "sizeName": "M", "qte": 2 },
              { "sizeName": "L", "qte": 4 },
              { "sizeName": "XL", "qte": 2 },
              { "sizeName": "2XL", "qte": 1 },
              { "sizeName": "3XL", "qte": 9 },
              { "sizeName": "3XL", "qte": 0 }
            ]
          },
          {
            "colorName": "Beige",
            "sizes": [
              { "sizeName": "S", "qte": 1 },
              { "sizeName": "M", "qte": 0 },
              { "sizeName": "L", "qte": 1 },
              { "sizeName": "XL", "qte": 2 },
              { "sizeName": "2XL", "qte": 1 },
              { "sizeName": "3XL", "qte": 0 },
              { "sizeName": "4XL", "qte": 2 }
            ]
          },
          {
            "colorName": "Gris",
            "sizes": [
              { "sizeName": "S", "qte": 1 },
              { "sizeName": "M", "qte": 0 },
              { "sizeName": "L", "qte": 2 },
              { "sizeName": "XL", "qte": 4 },
              { "sizeName": "2XL", "qte": 0 },
              { "sizeName": "3XL", "qte": 0 },
              { "sizeName": "4XL", "qte": 0 }
            ]
          },
          {
            "colorName": "Bleu",
            "sizes": [
              { "sizeName": "S", "qte": 0 },
              { "sizeName": "M", "qte": 2 },
              { "sizeName": "L", "qte": 3 },
              { "sizeName": "XL", "qte": 0 },
              { "sizeName": "2XL", "qte": 1 },
              { "sizeName": "3XL", "qte": 2 },
              { "sizeName": "4XL", "qte": 1 }
            ]
          }
        ]
      }]
    },
    {
      "day": "12",
      "model":[{
        "modelName":"PA",
        "modelColors": [
        {
          "colorName": "Noir",
          "sizes": [
            { "sizeName": "S", "qte": 1 },
            { "sizeName": "M", "qte": 1 },
            { "sizeName": "L", "qte": 1 },
            { "sizeName": "XL", "qte": 0 },
            { "sizeName": "2XL", "qte":2 },
            { "sizeName": "3XL", "qte": 0 },
            { "sizeName": "4XL", "qte": 3 }
          ]
        },
        {
          "colorName": "Vert",
          "sizes": [
            { "sizeName": "S", "qte": 2 },
            { "sizeName": "M", "qte": 1 },
            { "sizeName": "L", "qte": 1 },
            { "sizeName": "XL", "qte": 0 },
            { "sizeName": "XXL", "qte": 0 },
            { "sizeName": "XXXL", "qte": 1 },
            { "sizeName": "XXXXL", "qte": 3 }
          ]
        },
        {
          "colorName": "Beige",
          "sizes": [
            { "sizeName": "S", "qte": 1 },
            { "sizeName": "M", "qte": 0 },
            { "sizeName": "L", "qte": 4 },
            { "sizeName": "XL", "qte": 2 },
            { "sizeName": "XXL", "qte": 0 },
            { "sizeName": "XXXL", "qte": 1 },
            { "sizeName": "XXXXL", "qte": 2 }
          ]
        },
        {
          "colorName": "Gris",
          "sizes": [
            { "sizeName": "S", "qte": 1 },
            { "sizeName": "M", "qte": 1 },
            { "sizeName": "L", "qte": 2 },
            { "sizeName": "XL", "qte": 0 },
            { "sizeName": "XXL", "qte": 0 },
            { "sizeName": "XXXL", "qte": 2 },
            { "sizeName": "XXXXL", "qte": 8 }
          ]
        },
        {
          "colorName": "Bleu",
          "sizes": [
            { "sizeName": "S", "qte": 1 },
            { "sizeName": "M", "qte": 1 },
            { "sizeName": "L", "qte": 0 },
            { "sizeName": "XL", "qte": 0 },
            { "sizeName": "XXL", "qte": 0 },
            { "sizeName": "XXXL", "qte": 3 },
            { "sizeName": "XXXXL", "qte": 0 }
          ]
        }
        ]
      }]
    },
    {
      "day": "13",
      "model":[{
        "modelName":"PA",
        "modelColors": [
          {
            "productRef":"PAN.M",
            "qte":3,

            "colorName": "Noir",
            "sizes": [
              { "sizeName": "S", "qte": 1 },
              { "sizeName": "M", "qte": 1 },
              { "sizeName": "L", "qte": 1 },
              { "sizeName": "XL", "qte": 1 },
              { "sizeName": "2XL", "qte":2 },
              { "sizeName": "3XL", "qte": 3 },
              { "sizeName": "4XL", "qte": 4 }
            ]
          },
          {
            "colorName": "Vert",
            "sizes": [
              { "sizeName": "S", "qte": 5 },
              { "sizeName": "M", "qte": 2 },
              { "sizeName": "L", "qte": 4 },
              { "sizeName": "XL", "qte": 2 },
              { "sizeName": "2XL", "qte": 1 },
              { "sizeName": "3XL", "qte": 9 },
              { "sizeName": "3XL", "qte": 0 }
            ]
          },
          {
            "colorName": "Beige",
            "sizes": [
              { "sizeName": "S", "qte": 1 },
              { "sizeName": "M", "qte": 0 },
              { "sizeName": "L", "qte": 1 },
              { "sizeName": "XL", "qte": 2 },
              { "sizeName": "2XL", "qte": 1 },
              { "sizeName": "3XL", "qte": 0 },
              { "sizeName": "4XL", "qte": 2 }
            ]
          },
          {
            "colorName": "Gris",
            "sizes": [
              { "sizeName": "S", "qte": 1 },
              { "sizeName": "M", "qte": 0 },
              { "sizeName": "L", "qte": 2 },
              { "sizeName": "XL", "qte": 4 },
              { "sizeName": "2XL", "qte": 0 },
              { "sizeName": "3XL", "qte": 0 },
              { "sizeName": "4XL", "qte": 0 }
            ]
          },
          {
            "colorName": "Bleu",
            "sizes": [
              { "sizeName": "S", "qte": 0 },
              { "sizeName": "M", "qte": 2 },
              { "sizeName": "L", "qte": 3 },
              { "sizeName": "XL", "qte": 0 },
              { "sizeName": "2XL", "qte": 1 },
              { "sizeName": "3XL", "qte": 2 },
              { "sizeName": "4XL", "qte": 1 }
            ]
          }
        ]
      }]
    },
    {
      "day": "14",
      "model":[{
        "modelName":"PA",
        "modelColors": [
        {
          "colorName": "Noir",
          "sizes": [
            { "sizeName": "S", "qte": 1 },
            { "sizeName": "M", "qte": 1 },
            { "sizeName": "L", "qte": 1 },
            { "sizeName": "XL", "qte": 0 },
            { "sizeName": "2XL", "qte":2 },
            { "sizeName": "3XL", "qte": 0 },
            { "sizeName": "4XL", "qte": 3 }
          ]
        },
        {
          "colorName": "Vert",
          "sizes": [
            { "sizeName": "S", "qte": 2 },
            { "sizeName": "M", "qte": 1 },
            { "sizeName": "L", "qte": 1 },
            { "sizeName": "XL", "qte": 0 },
            { "sizeName": "XXL", "qte": 0 },
            { "sizeName": "XXXL", "qte": 1 },
            { "sizeName": "XXXXL", "qte": 3 }
          ]
        },
        {
          "colorName": "Beige",
          "sizes": [
            { "sizeName": "S", "qte": 1 },
            { "sizeName": "M", "qte": 0 },
            { "sizeName": "L", "qte": 4 },
            { "sizeName": "XL", "qte": 2 },
            { "sizeName": "XXL", "qte": 0 },
            { "sizeName": "XXXL", "qte": 1 },
            { "sizeName": "XXXXL", "qte": 2 }
          ]
        },
        {
          "colorName": "Gris",
          "sizes": [
            { "sizeName": "S", "qte": 1 },
            { "sizeName": "M", "qte": 1 },
            { "sizeName": "L", "qte": 2 },
            { "sizeName": "XL", "qte": 0 },
            { "sizeName": "XXL", "qte": 0 },
            { "sizeName": "XXXL", "qte": 2 },
            { "sizeName": "XXXXL", "qte": 8 }
          ]
        },
        {
          "colorName": "Bleu",
          "sizes": [
            { "sizeName": "S", "qte": 1 },
            { "sizeName": "M", "qte": 1 },
            { "sizeName": "L", "qte": 0 },
            { "sizeName": "XL", "qte": 0 },
            { "sizeName": "XXL", "qte": 0 },
            { "sizeName": "XXXL", "qte": 3 },
            { "sizeName": "XXXXL", "qte": 0 }
          ]
        }
        ]
      }]
    },
    {
      "day": "15",
      "model":[{
        "modelName":"PA",
        "modelColors": [
          {
            "colorName": "Noir",
            "sizes": [
              { "sizeName": "S", "qte": 1 },
              { "sizeName": "M", "qte": 0 },
              { "sizeName": "L", "qte": 0 },
              { "sizeName": "XL", "qte": 2 },
              { "sizeName": "2XL", "qte": 0 },
              { "sizeName": "3XL", "qte": 0 },
              { "sizeName": "4XL", "qte": 0 }
            ]
          },
          {
            "colorName": "Vert",
            "sizes": [
              { "sizeName": "S", "qte": 0 },
              { "sizeName": "M", "qte": 0 },
              { "sizeName": "L", "qte": 1 },
              { "sizeName": "XL", "qte": 2 },
              { "sizeName": "XXL", "qte": 2 },
              { "sizeName": "XXXL", "qte": 2 },
              { "sizeName": "XXXXL", "qte": 1 }
            ]
          },
          {
            "colorName": "Beige",
            "sizes": [
              { "sizeName": "S", "qte": 1 },
              { "sizeName": "M", "qte": 2 },
              { "sizeName": "L", "qte": 0 },
              { "sizeName": "XL", "qte": 1 },
              { "sizeName": "XXL", "qte": 0 },
              { "sizeName": "XXXL", "qte": 0 },
              { "sizeName": "XXXXL", "qte": 1 }
            ]
          },
          {
            "colorName": "Gris",
            "sizes": [
              { "sizeName": "S", "qte": 0 },
              { "sizeName": "M", "qte": 1 },
              { "sizeName": "L", "qte": 2 },
              { "sizeName": "XL", "qte": 0 },
              { "sizeName": "XXL", "qte": 0 },
              { "sizeName": "XXXL", "qte": 0 },
              { "sizeName": "XXXXL", "qte": 0 }
            ]
          },
          {
            "colorName": "Bleu",
            "sizes": [
              { "sizeName": "S", "qte": 0 },
              { "sizeName": "M", "qte": 0 },
              { "sizeName": "L", "qte": 1 },
              { "sizeName": "XL", "qte": 1 },
              { "sizeName": "2XL", "qte": 2 },
              { "sizeName": "3XL", "qte": 2 },
              { "sizeName": "4XL", "qte": 3 }
            ]
          }
        ]
      }]
    }
  ]
}

